{
  "medical_papers": {
    "traditional_times": [
      79.30645028750102,
      113.45401533444722,
      127.75975235303243,
      129.06343579292297
    ],
    "structured_times": [
      53.104533990224205,
      74.70346005757649,
      66.93264595667522,
      68.16729911168416
    ],
    "traditional_totals": [
      1313.0,
      1567.3333333333333,
      1729.3333333333333,
      1802.6666666666667
    ],
    "structured_totals": [
      1409.6666666666667,
      1732.0,
      1760.6666666666667,
      1864.6666666666667
    ]
  },
  "threat_intelligence": {
    "traditional_times": [
      46.32990630467733
    ],
    "structured_times": [
      22.08166265487671
    ],
    "traditional_totals": [
      504.6666666666667
    ],
    "structured_totals": [
      564.3333333333334
    ]
  },
  "medical_reports": {
    "traditional_times": [
      13.640617688496908,
      14.047553380330404,
      15.003829638163248,
      20.61041760444641,
      14.39825995763143,
      21.87454350789388,
      18.822298685709637,
      16.36512811978658,
      19.627783060073853,
      16.42015027999878,
      22.72138301531474,
      13.522640784581503,
      31.423772891362507,
      14.808577537536621,
      17.81206965446472,
      12.32408038775126,
      20.004356384277344,
      17.689971605936687,
      15.982828299204508,
      12.408881266911825
    ],
    "structured_times": [
      9.85987377166748,
      12.357725938161215,
      15.324844598770142,
      16.64182988802592,
      13.050358295440674,
      14.049915790557861,
      13.965882142384848,
      23.778587182362873,
      14.783611059188843,
      11.738752841949463,
      13.191849072774252,
      12.703809102376303,
      18.7674564520518,
      12.093815247217814,
      12.012142976125082,
      13.058079560597738,
      9.780833085378012,
      11.404061317443848,
      16.87063694000244,
      15.034895737965902
    ],
    "traditional_totals": [
      149.33333333333334,
      160.0,
      181.33333333333334,
      202.0,
      126.66666666666667,
      242.66666666666666,
      172.33333333333334,
      193.0,
      205.66666666666666,
      181.66666666666666,
      228.66666666666666,
      147.33333333333334,
      310.3333333333333,
      186.0,
      203.0,
      153.33333333333334,
      211.0,
      147.33333333333334,
      164.0,
      138.66666666666666
    ],
    "structured_totals": [
      170.66666666666666,
      178.0,
      186.0,
      231.66666666666666,
      120.33333333333333,
      262.3333333333333,
      220.33333333333334,
      239.0,
      240.33333333333334,
      197.66666666666666,
      246.66666666666666,
      187.66666666666666,
      347.0,
      192.0,
      219.33333333333334,
      202.33333333333334,
      205.66666666666666,
      174.33333333333334,
      191.33333333333334,
      192.0
    ]
  },
  "RILA": {
    "traditional_times": [
      53.5732959509,
      32.7271549702,
      185.027765989,
      287.91851604,
      567.123788714,
      293.504233956
    ],
    "structured_times": [
      51.1438084841,
      32.2173939943,
      156.622376919,
      214.801347375,
      490.586073995,
      261.476757407
    ],
    "traditional_totals": [
      1100.0,
      585.5,
      4079.5,
      6034.5,
      11685.5,
      6448.0
    ],
    "structured_totals": [
      1173.5,
      717.0,
      4414.5,
      6233.0,
      12717.0,
      6628.5
    ]
  }
}